<?xml version="1.0" encoding="UTF-8"?>
<project-private xmlns="http://www.netbeans.org/ns/project-private/1">
    <editor-bookmarks xmlns="http://www.netbeans.org/ns/editor-bookmarks/1"/>
    <editor-bookmarks xmlns="http://www.netbeans.org/ns/editor-bookmarks/2" lastBookmarkId="0"/>
    <open-files xmlns="http://www.netbeans.org/ns/projectui-open-files/2">
        <group>
            <file>file:/I:/ccet/training/parking/Parking%20system/Parking/src/entry/Entry.java</file>
            <file>file:/I:/ccet/training/parking/Parking%20system/Parking/src/loginPanel/Login.java</file>
            <file>file:/I:/ccet/training/parking/Parking%20system/Parking/src/connection/ConnectionDB.java</file>
            <file>file:/I:/ccet/training/parking/Parking%20system/Parking/src/parking/Main.java</file>
            <file>file:/I:/ccet/training/parking/Parking%20system/Parking/src/getDate/GetDDt.java</file>
        </group>
    </open-files>
</project-private>
